username,password,name,email
asia,coders,Joanna,joanna@gmail.con
karolina,blabla???,Karolina,kar@wp.ork
marcin,1234!,Marcin,marcin@db.cam
tomay,pass123,Tomek,tomek@tomek.ned
marian1,haslo8,marian,mm@up.gav
zenek,akcent,Martyniuk,prezes@prezes.etu
zygfryd,kwiatuszek,Zygi,zygfryd@wz.io
leslaw,pastuszek,leslaw,leslaw@neverland.org
Username,password,Name,name@poczta.com
the great one,ftagn123,Cthulhu,lordofdarkness@ftagn.hell.com
kasia83,mala78,kasia,kasia@outeria.lp